{
	"credit": "Made with Blockbench",
	"textures": {
		"0": "item/totem_of_undying",
		"particle": "item/totem_of_undying"
	},
	"gui_light": "front",
	"display": {
		"thirdperson_righthand": {
			"rotation": [90, 0, 0],
			"translation": [0, 2.75, 5.5],
			"scale": [0.5, 0.5, 0.5]
		},
		"thirdperson_lefthand": {
			"rotation": [90, 0, 0],
			"translation": [0, 2.75, 5.5],
			"scale": [0.5, 0.5, 0.5]
		},
		"firstperson_righthand": {
			"rotation": [60, -2, 90],
			"translation": [0.75, 1.25, -1],
			"scale": [0.5, 0.5, 0.5]
		},
		"firstperson_lefthand": {
			"rotation": [60, -2, 90],
			"translation": [0.75, 1.25, -1],
			"scale": [0.5, 0.5, 0.5]
		},
		"ground": {
			"translation": [0, 2.5, 0],
			"scale": [0.5, 0.5, 0.5]
		},
		"gui": {
			"rotation": [90, 0, 0]
		},
		"fixed": {
			"rotation": [90, 0, 0],
			"translation": [0, 0.5, 7.75],
			"scale": [1, 1, 1]
		}
	  },
	"elements": [
		{
			"from": [4, 0, 2],
			"to": [12, 1, 13],
			"faces": {
				"north": {"uv": [4, 2, 12, 3], "texture": "#0"},
				"east": {"uv": [4, 2, 5, 13], "rotation": 90, "texture": "#0"},
				"south": {"uv": [4, 12, 12, 13], "texture": "#0"},
				"west": {"uv": [11, 13, 12, 2], "rotation": 90, "texture": "#0"},
				"up": {"uv": [4, 2, 12, 13], "texture": "#0"},
				"down": {"uv": [4, 2, 12, 13], "rotation": 180, "texture": "#0"}
			}
		},
		{
			"from": [5, 0, 13],
			"to": [11, 1, 15],
			"faces": {
				"north": {"uv": [5, 13, 11, 14], "texture": "#0"},
				"east": {"uv": [10, 13, 11, 15], "texture": "#0"},
				"south": {"uv": [5, 14, 11, 15], "texture": "#0"},
				"west": {"uv": [5, 13, 6, 15], "texture": "#0"},
				"up": {"uv": [5, 13, 11, 15], "texture": "#0"},
				"down": {"uv": [5, 13, 11, 15], "rotation": 180, "texture": "#0"}
			}
		},
		{
			"from": [2, 0, 10],
			"to": [4, 1, 11],
			"faces": {
				"north": {"uv": [12, 10, 14, 11], "texture": "#0"},
				"east": {"uv": [12, 10, 13, 11], "texture": "#0"},
				"south": {"uv": [12, 10, 14, 11], "texture": "#0"},
				"west": {"uv": [13, 10, 14, 11], "texture": "#0"},
				"up": {"uv": [12, 10, 14, 11], "texture": "#0"},
				"down": {"uv": [12, 10, 14, 11], "texture": "#0"}
			}
		},
		{
			"from": [12, 0, 8],
			"to": [15, 1, 10],
			"faces": {
				"north": {"uv": [12, 8, 15, 9], "texture": "#0"},
				"east": {"uv": [12, 8, 14, 9], "texture": "#0"},
				"south": {"uv": [12, 8, 15, 9], "texture": "#0"},
				"west": {"uv": [12, 8, 14, 9], "texture": "#0"},
				"up": {"uv": [15, 10, 12, 8], "rotation": 180, "texture": "#0"},
				"down": {"uv": [15, 8, 12, 10], "rotation": 180, "texture": "#0"}
			}
		},
		{
			"from": [12, 0, 10],
			"to": [14, 1, 11],
			"faces": {
				"north": {"uv": [12, 10, 14, 11], "texture": "#0"},
				"east": {"uv": [12, 10, 13, 11], "texture": "#0"},
				"south": {"uv": [12, 10, 14, 11], "texture": "#0"},
				"west": {"uv": [13, 10, 14, 11], "texture": "#0"},
				"up": {"uv": [12, 10, 14, 11], "texture": "#0"},
				"down": {"uv": [12, 10, 14, 11], "texture": "#0"}
			}
		},
		{
			"from": [1, 0, 8],
			"to": [4, 1, 10],
			"faces": {
				"north": {"uv": [1, 8, 4, 9], "texture": "#0"},
				"east": {"uv": [2, 8, 4, 9], "texture": "#0"},
				"south": {"uv": [1, 8, 4, 9], "texture": "#0"},
				"west": {"uv": [2, 8, 4, 9], "texture": "#0"},
				"up": {"uv": [1, 8, 4, 10], "texture": "#0"},
				"down": {"uv": [4, 8, 1, 10], "rotation": 180, "texture": "#0"}
			}
		},
		{
			"from": [6, 0, 15],
			"to": [10, 1, 16],
			"faces": {
				"north": {"uv": [6, 15, 10, 16], "texture": "#0"},
				"east": {"uv": [9, 15, 10, 16], "texture": "#0"},
				"south": {"uv": [6, 15, 10, 16], "texture": "#0"},
				"west": {"uv": [6, 15, 7, 16], "texture": "#0"},
				"up": {"uv": [6, 15, 10, 16], "texture": "#0"},
				"down": {"uv": [6, 15, 10, 16], "texture": "#0"}
			}
		},
		{
			"from": [5, 0, 1],
			"to": [11, 1, 2],
			"faces": {
				"north": {"uv": [5, 1, 11, 2], "texture": "#0"},
				"east": {"uv": [5, 1, 6, 2], "texture": "#0"},
				"south": {"uv": [4, 2, 12, 13], "texture": "#0"},
				"west": {"uv": [10, 1, 11, 2], "texture": "#0"},
				"up": {"uv": [5, 1, 11, 2], "texture": "#0"},
				"down": {"uv": [5, 1, 11, 2], "texture": "#0"}
			}
		}
	]
}